<?xml version="1.0" encoding="UTF-8"?>
<metadata modelVersion="1.1.0">
  <groupId>cn.sharehe.autoCode</groupId>
  <artifactId>autoCode</artifactId>
  <version>4.2.16-SNAPSHOT</version>
  <versioning>
    <snapshot>
      <localCopy>true</localCopy>
    </snapshot>
    <lastUpdated>20180514011833</lastUpdated>
    <snapshotVersions>
      <snapshotVersion>
        <classifier>javadoc</classifier>
        <extension>jar</extension>
        <value>4.2.16-SNAPSHOT</value>
        <updated>20180514011833</updated>
      </snapshotVersion>
      <snapshotVersion>
        <classifier>sources</classifier>
        <extension>jar</extension>
        <value>4.2.16-SNAPSHOT</value>
        <updated>20180514011833</updated>
      </snapshotVersion>
      <snapshotVersion>
        <extension>jar</extension>
        <value>4.2.16-SNAPSHOT</value>
        <updated>20180514011833</updated>
      </snapshotVersion>
      <snapshotVersion>
        <extension>pom</extension>
        <value>4.2.16-SNAPSHOT</value>
        <updated>20180514011833</updated>
      </snapshotVersion>
    </snapshotVersions>
  </versioning>
</metadata>
