<?xml version="1.0" encoding="UTF-8"?>
<metadata modelVersion="1.1.0">
  <groupId>cn.sharehe.autoCode</groupId>
  <artifactId>autoCode</artifactId>
  <version>4.2.16-SNAPSHOT</version>
  <versioning>
    <snapshot>
      <timestamp>20180514.010808</timestamp>
      <buildNumber>2</buildNumber>
    </snapshot>
    <lastUpdated>20180514010808</lastUpdated>
    <snapshotVersions>
      <snapshotVersion>
        <extension>jar</extension>
        <value>4.2.16-20180514.010808-2</value>
        <updated>20180514010808</updated>
      </snapshotVersion>
      <snapshotVersion>
        <extension>pom</extension>
        <value>4.2.16-20180514.010808-2</value>
        <updated>20180514010808</updated>
      </snapshotVersion>
      <snapshotVersion>
        <classifier>sources</classifier>
        <extension>jar</extension>
        <value>4.2.16-20180514.010808-2</value>
        <updated>20180514010808</updated>
      </snapshotVersion>
      <snapshotVersion>
        <classifier>javadoc</classifier>
        <extension>jar</extension>
        <value>4.2.16-20180514.010808-2</value>
        <updated>20180514010808</updated>
      </snapshotVersion>
    </snapshotVersions>
  </versioning>
</metadata>
